amount,hour,merchant_category,distance_from_home,num_transactions_last_24h,label
11.937790065607324,9,3,5.171000153813555,2,0
7.89609827743291,14,2,32.0083567707109,2,0
33.81902980484838,19,3,12.93448421556622,3,0
16.60640712282099,12,3,2.6378275935650786,5,0
5.019492378735604,16,3,5.924999753552911,3,0
16.746566418082626,17,4,7.67267992739832,4,0
148.02003672639435,21,3,25.41779915997829,3,0
29.654322226177747,11,3,30.68548537684812,1,0
25.469433448331525,18,3,0.9259965366488384,1,0
36.97549196638646,9,4,0.2805265595725099,5,0
1065.9901727556153,23,7,632.6663747908148,8,1
69.42758029328819,18,3,1.6978003030451951,3,0
4.243992763078677,8,2,6.254100128233585,4,0
104.88957198831172,15,0,14.725453214754037,4,0
7.178542587426708,14,4,7.846014361087569,4,0
34.90710112167566,10,0,10.580381261641913,6,0
3.395452615082078,18,2,1.284501087127241,3,0
1393.20582285675,23,7,129.95128019922063,15,1
62.87604501518209,14,2,12.86641821054181,3,0
67.42894132093207,17,4,15.418319711896226,1,0
57.36067727172146,15,3,2.9633409754123434,2,0
2.9130052419231003,9,3,3.2781105483921307,2,0
80.5055114652289,1,7,230.66445916036176,4,1
20.68301707741558,18,2,26.49482538152733,2,0
92.93813627930612,15,2,5.389178902023001,3,0
242.8445972537693,19,0,10.389202112919016,4,0
15.49285490789542,15,0,3.521691431724719,4,0
24.243564202557756,11,4,14.149794443201795,4,0
47.82040859146687,21,2,6.321632067112537,3,0
247.5409256824352,2,9,86.32178670194465,12,1
96.29903148597737,12,4,21.243003378892176,3,0
77.10257966143455,9,1,2.067834786402328,3,0
82.4147174966612,10,0,18.636179413755578,1,0
37.757451982792496,15,3,23.77545131368093,4,0
53.87259214332562,17,2,6.463377706228046,3,0
29.04326899822451,20,2,28.01459710046769,2,0
69.7489717901085,17,2,9.861962012299424,1,0
130.59047791018477,12,1,2.9274433460924816,4,0
42.02089566393308,20,3,2.2343795872590166,3,0
72.92304736160521,9,2,9.918441460690628,3,0
7.136294005099176,16,1,8.355988815822315,3,0
62.67477923747782,10,1,30.5660833187272,1,0
145.38482830905258,21,0,12.390367731528103,2,0
73.3776092992021,19,4,4.4060780679716,3,0
29.18547155133473,1,9,253.96550246938597,7,1
35.415919026580795,19,3,7.6734590767907696,2,0
66.70283349477106,21,1,7.47385286427059,2,0
47.13056727977544,12,3,2.169050956856826,3,0
4.72882560591105,8,1,12.513513670094756,4,0
6.724661392931012,8,0,1.040317638814639,2,0
1.937247427226248,21,2,11.444578016416326,5,0
26.2454841390874,10,4,8.665940994375891,4,0
34.562855828392465,11,1,13.560648358626572,1,0
74.34006006274218,8,1,4.995415376476351,4,0
295.0138524900905,12,2,0.3376929568689701,4,0
58.85166180867622,8,3,23.536991000271414,4,0
15.18030239181683,13,0,34.00556846354482,5,0
18.226363719752005,20,4,22.32859789766372,5,0
0.9722523408677596,18,4,2.000165343553028,1,0
102.32294561880448,14,2,22.746175436000165,1,0
0.0470217748885532,8,3,6.841879598077114,0,0
44.07312885733083,16,1,32.12688228183134,2,0
29.301205909831143,20,3,21.801610944924285,4,0
33.946044113828215,20,1,7.23498690896988,4,0
183.1294078505377,19,4,16.096943190154228,3,0
263.3571872250437,19,2,15.729166908210292,3,0
955.4900370645656,1,6,187.4931340820725,19,1
39.51717198704942,16,3,43.49682836156481,2,0
22.868600591406032,11,4,30.69586697333262,2,0
42.358253583199485,13,3,19.67633167937492,3,0
436.3502075757624,3,8,234.95646479696887,9,1
91.35197546913354,18,3,9.076325628659395,6,0
11.357485518591346,18,0,9.688422185456083,2,0
52.079113360060056,15,0,7.132502331431558,4,0
12.86938351527181,8,3,0.7815157566972113,3,0
7.594118606555487,8,0,20.943201289693924,3,0
166.94253653358606,11,4,6.989619046706292,4,0
307.25771214033387,23,8,32.78567106815751,14,1
9.7826839375485,12,3,5.203194346959823,6,0
46.15400737704074,10,3,13.118757588829109,4,0
9.245722383795762,20,2,9.387089525815274,0,0
24.898545121985336,18,1,2.803538610606311,1,0
18.54529328128509,9,1,2.1977762697078225,3,0
153.32704068981357,18,0,16.53396764067325,2,0
81.876547990418,14,0,7.586871642177339,2,0
4.389655388541882,9,3,7.6559524833011166,1,0
20.8595047785158,18,4,13.623080898850333,2,0
10.064951533087877,11,0,3.5276291558407094,10,0
40.11116752383114,14,1,20.7804848725944,3,0
114.38644526030514,15,2,6.57980879046488,3,0
23.83522150044508,12,0,11.948622052840657,1,0
4.60787150344083,19,4,1.889004542102119,1,0
16.354939617158696,17,3,14.651127905879967,2,0
135.44361894441138,13,0,8.154362681742723,4,0
74.46553965147153,11,2,14.76544343708389,7,0
40.49624936972326,15,3,1.0298298180751786,1,0
2.4178216345846284,15,4,19.738794884617093,5,0
33.41910963100334,15,2,17.05928869852367,2,0
8.00840900919254,21,4,12.278148795727862,2,0
20.740017588444434,10,2,16.557478512930963,4,0
49.4727841590252,9,3,0.904788514344826,6,0
102.54954418891673,9,4,4.29904930159189,8,0
100.04218577175504,11,2,43.35063736151949,3,0
10.373242175723783,16,3,3.331491553357173,4,0
57.91142962237541,12,3,0.7070361883388105,3,0
22.567388251425708,13,3,7.250373448813943,5,0
67.00488730842076,12,0,10.394119199276943,6,0
38.8222102943977,15,4,0.8501965302536336,3,0
41.37188792882929,12,3,7.251268305652598,3,0
0.4113061536762648,21,3,11.287972245999116,2,0
27.321512915487357,13,1,4.686598816640885,5,0
6.690804378101035,10,4,50.099029006150914,3,0
4.612246533316126,20,2,28.216539385905627,3,0
295.5617765311601,0,8,1695.21654942462,14,1
25.74814164273273,9,1,2.3845913989641607,3,0
9.945106823004084,16,3,22.13455680288741,1,0
30.19369199746221,10,4,14.52153533567402,2,0
51.33952655782914,10,0,16.102299360314152,4,0
143.14895905395605,9,0,19.921044857652035,4,0
20.82282325623117,16,4,12.579239359643262,6,0
87.16709764571777,21,3,17.32183560585421,2,0
251.59147382466531,0,8,68.81145530274232,7,1
15.73865132280252,8,4,5.325321778234999,3,0
0.4952073829645719,11,0,2.308706558451452,3,0
22.291480244079292,17,2,5.029893528033679,2,0
277.38619321995606,3,7,334.9965454022204,14,1
208.1425447847668,14,0,10.05640832754355,3,0
65.47603217263072,18,4,9.22075433485189,4,0
25.9895287702478,12,0,5.241474989499212,2,0
141.31367325208535,12,0,3.575941815821335,5,0
7.921076185313513,8,1,22.29456088111224,2,0
24.48020018120592,20,1,0.6395857319068378,6,0
72.15524675847674,19,0,15.101484046722868,1,0
48.58451477328066,14,3,7.126584268221791,2,0
21.11945770144881,13,2,31.32574872194928,5,0
24.65213453015472,18,3,8.680885166623481,2,0
70.32465580324718,14,0,9.316652946964002,0,0
27.402991232158488,12,2,15.846552978786534,3,0
93.64817467110716,9,4,20.76586114610526,2,0
1275.7947722926049,2,8,141.5671439516611,13,1
162.81285378250047,12,2,1.9299546129500336,2,0
6.370473161562122,12,2,19.79109637228293,4,0
111.27764362343794,17,2,12.936721315443965,2,0
41.13665064811228,10,4,2.798416486897913,2,0
16.936386461863147,21,0,19.90157390951643,3,0
93.97026712111382,15,0,7.031738039482121,1,0
2.305216221809584,21,1,4.521495337912379,1,0
5.003863254770139,13,4,20.211013768345268,2,0
43.66472499710432,13,3,3.821492931357825,1,0
27.662408058086857,15,2,9.838119389300632,2,0
55.63806992137701,19,2,9.110323098169726,0,0
51.53814073070689,14,2,9.02001653048757,1,0
56.381434219999626,15,3,0.9433715546898128,0,0
11.84342950630854,19,3,16.51095369160105,3,0
43.88073436725788,8,4,6.217208800754449,4,0
15.284170335087133,14,2,1.9959083990089488,4,0
1415.539310354663,0,8,115.2108994725304,11,1
159.40575740886007,10,1,25.606405458057928,6,0
268.0508787298272,2,8,31.61502298397685,11,1
84.97386093597598,9,0,11.559155707861088,5,0
103.10852919470238,21,1,2.3416798737062336,3,0
55.440415795399126,12,1,1.7813183034289208,4,0
74.65970625372877,11,0,9.414840976790378,3,0
25.47096549093587,11,1,5.242770766679336,2,0
79.21143352419392,20,0,1.8013059783800769,2,0
8.871033235213124,10,3,10.771682475093222,2,0
51.641937471396254,8,4,18.61374963413169,1,0
12.035234076156064,15,3,8.096230463856351,7,0
127.20313961877685,3,7,135.5629341075825,15,1
128.56658722822226,13,2,3.586870899390913,3,0
63.6406380293141,11,3,4.815106325892634,3,0
9.482024775358438,19,2,5.02339404190074,7,0
3.7412563689919143,15,1,18.352005345202592,7,0
43.95717929182754,18,2,11.993487551268064,8,0
63.2171877789179,8,1,31.8899343316234,1,0
119.33209145857296,14,4,1.8910296817553776,1,0
12.79803758954857,19,3,9.366662272550526,1,0
8.785500600978816,12,3,20.835431834022657,4,0
227.19380711164817,2,9,119.68409278214624,10,1
9.028320649865693,12,0,1.8462830741225424,3,0
79.95194908865909,13,1,6.12223773670355,2,0
528.4503212734484,2,7,76.08497149638164,11,1
63.98630208108865,20,4,3.041504434176585,1,0
174.66247000972427,14,4,66.04555664507069,1,0
148.59805101282555,13,0,1.1602524925216666,2,0
70.35338225819498,10,2,3.7059765282224912,2,0
106.8991665862691,19,1,9.967153812096257,5,0
60.01983295746948,23,7,19.111646883789337,15,1
61.75699144854596,10,1,20.58284693207493,0,0
143.9335407885058,12,2,2.554733052557986,7,0
115.88922205906476,8,1,0.199456275562522,0,0
45.859153845321416,8,2,10.569177963449986,4,0
63.22713842094837,21,3,55.77209390137224,2,0
59.669922605728544,14,2,32.87721791509934,2,0
87.43795547319652,14,4,33.789006400957575,3,0
24.71036401380394,13,4,3.0173402231110718,7,0
63.40130797500043,8,4,11.580892986701214,4,0
425.1242461340555,2,7,53.71449148976659,17,1
19.542324564499975,9,4,18.91406550290225,1,0
87.44010318171611,20,2,19.205442010858636,3,0
0.2678749057268991,19,0,1.37651295846532,5,0
41.52432387726543,12,4,2.212669867184193,1,0
6.872459137282442,8,1,0.0793936894552584,3,0
95.03844779954272,16,1,5.868603560969411,0,0
72.06291300618787,11,4,19.56185033915275,7,0
0.2361195502264686,21,1,3.729254007948989,5,0
43.02217291952731,16,1,6.008852249796876,3,0
13.722916363244757,20,1,8.825678951955377,3,0
4.736095870152314,17,4,17.383657699630522,4,0
29.60925263085298,16,4,26.95889703326703,6,0
16.316181409420068,10,4,15.985610959622736,6,0
14.768542738974816,16,0,7.051698020986614,1,0
67.12721467099706,20,1,5.640897490908066,2,0
145.99423853786772,9,1,5.158110360532428,2,0
63.52352358425787,16,0,10.84855318479612,2,0
21.54494530392417,8,1,14.629424414878152,2,0
65.0485493556895,20,0,56.80456673085659,4,0
61.81814123310894,13,2,3.464705039924282,2,0
270.6618508262963,16,1,1.2793615668672431,0,0
54.02486539635849,23,6,625.5584832304802,11,1
145.26444082095156,19,1,8.279276287035344,1,0
276.99651289372804,18,2,28.837475537580588,2,0
120.34214262453916,20,0,29.791594351508955,5,0
9.14202758554428,20,1,2.781225019794093,3,0
12.573665778677864,10,0,7.506878041005606,6,0
91.06563501078254,17,1,19.08321568752192,5,0
206.24866944680255,21,2,6.872982059691708,4,0
47.481756891892886,14,0,12.883695945293251,1,0
39.085356479466256,20,2,8.262562295757396,3,0
57.30929592770574,17,4,14.948766612402707,7,0
528.2538811496767,1,7,12.851012594079492,17,1
158.40238458318265,21,1,1.0684125342401938,3,0
23.381908544930297,15,1,31.719799532238863,0,0
4.555684008303676,19,3,0.6578703544670821,6,0
1907.8871575370847,1,8,113.26871572244016,20,1
18.86844867990048,10,0,0.0711740911918758,3,0
73.26959885084437,17,2,1.5915192102274849,4,0
14.357388549845233,15,4,27.926421503835957,1,0
8.710286924097211,16,4,0.1500032198689193,1,0
19.77154777652517,8,2,50.96877739551326,0,0
157.30257279646156,16,3,1.0274127366288337,5,0
23.595706529568144,19,1,2.3504002919460167,4,0
64.05125706770046,17,3,17.894395330424487,4,0
32.27481856501826,16,1,29.795309357145133,0,0
9.19464878831727,18,0,0.2420778956336847,1,0
37.95892256230494,15,4,4.106311369941588,6,0
75.66574391901361,14,3,5.281980634303885,1,0
53.16580302316076,16,1,11.759259608688676,2,0
11.83076707098978,15,1,7.018317473105452,4,0
90.61906603756684,16,2,0.8739453286520054,3,0
73.47666490819317,16,2,7.071765878696359,2,0
18.840142276391237,10,2,2.4627513002845163,3,0
164.74015317075242,20,3,6.216578112309987,5,0
86.43424328568481,14,4,28.74922462324573,4,0
64.66492615342916,21,3,1.720859439995471,2,0
498.14108785595727,1,8,189.51392997407632,11,1
60.9859439388245,10,4,5.444473869425539,3,0
33.53014833957766,10,1,16.545074274673162,3,0
5.187982824933334,20,4,51.21974821829722,6,0
357.1994299577106,3,9,407.5486881981918,17,1
58.50902944217157,21,0,16.61314116623157,6,0
46.98524850948405,21,4,6.505858758192327,4,0
293.6461711649507,13,2,20.14515685280703,5,0
10.663587436167235,20,1,8.110492175137537,2,0
1.1072498544158451,9,0,24.01513076234425,1,0
48.32087464549022,16,1,21.59354825611054,4,0
34.81423404133796,9,1,1.563149797930338,3,0
16.854092963596536,12,3,44.44087149805358,1,0
3.422712776078385,17,0,11.39849790711594,6,0
61.77396218662527,17,3,12.271855651964987,0,0
55.792734813139774,16,1,6.020828469233414,2,0
7.57714735374764,15,2,5.460896131591142,2,0
85.71650655058681,15,0,10.488619206785016,2,0
104.0085134865446,17,3,5.915438686943909,2,0
21.378611247021094,14,4,5.953203259927946,1,0
81.73480374641436,15,1,5.564753506076359,2,0
105.3462235076784,12,4,10.19928946021979,2,0
14.495523556976403,14,4,7.288074074639075,3,0
360.1258103096524,2,9,347.20642797469606,11,1
7.233325718016983,12,1,0.8620257098831401,3,0
16.664887436402566,10,3,12.471175455216942,0,0
18.89887855210161,14,0,7.46726892845145,2,0
6.2235308387772,21,1,9.691855178944769,5,0
81.92705345409627,16,2,9.24860077542362,2,0
46.12930285604229,13,4,4.739682956885999,3,0
43.80080126299527,19,3,0.7082586008786282,5,0
415.056275271979,16,1,27.314114172338847,4,0
6.8121639711676085,19,2,20.227813033125287,2,0
4.2037292280334615,21,0,9.920155877597235,0,0
109.8239618646399,17,4,2.712996090232472,3,0
1009.5115660759894,3,6,407.2948734030863,10,1
102.49257648092724,10,3,13.274361425835052,1,0
0.4272118702012684,10,2,8.283278566386079,3,0
10.861185083532236,15,3,40.86994822177893,5,0
952.3694410488548,2,6,362.0084363123143,8,1
5.867556242981994,16,4,0.6845408701310678,5,0
18.0695650892516,21,2,10.958478708545831,2,0
45.37221796528184,20,4,15.470817665224745,5,0
22.799666770321878,20,1,22.654167360551234,2,0
56.29194273932931,21,2,5.150379004642943,4,0
32.4263524988255,11,0,1.6548139743664942,1,0
114.3872859827637,8,4,2.358463551913258,2,0
5.06489571929037,20,0,18.02026307900126,2,0
21.33069709968961,14,3,0.7346194558425303,2,0
136.03551625648873,11,1,3.876058952571588,3,0
22.51401511419009,8,1,11.4845065205646,1,0
19.77162673725253,17,1,2.867034586416513,1,0
48.28004591393912,9,0,15.462610867769248,2,0
50.102160443610735,11,1,7.062671500438278,2,0
10.575991084248551,18,4,4.538574497371367,2,0
4.563506944613986,19,0,6.945728263461382,2,0
38.00831309134957,13,3,15.270642288346512,2,0
130.89108634469716,8,2,43.3516311382313,3,0
250.99210097635412,2,8,661.6608483427577,9,1
34.50971226172211,9,2,2.304225699327309,4,0
41.37730446752585,17,4,2.7850646793767173,4,0
71.32495279467443,14,4,4.511055386777035,2,0
59.311763696502446,18,4,22.94970223204035,4,0
632.3698916027362,1,9,192.05641093648035,14,1
160.58328499330676,3,7,466.87742078824976,9,1
187.005035834752,21,2,23.775977794787604,1,0
18.604490974302617,13,0,4.955043467673217,5,0
80.73759625034332,17,4,3.948964586549039,0,0
42.732270198098405,19,3,8.621107165192372,2,0
22.72961986556589,10,4,30.733965176655246,2,0
18.59905191258219,19,1,4.775959340960371,3,0
96.043042164881,14,0,4.967955753413413,5,0
17.65989628523278,17,2,10.574620974853213,4,0
94.89712693140234,9,0,17.492327763584413,2,0
1052.424087126568,3,7,344.16807788958107,18,1
45.977462584185695,1,7,1070.4244729236132,16,1
6.194156362537823,13,2,8.772678369732617,2,0
157.20947722933974,3,8,64.68655949149986,12,1
42.63257386549532,11,4,12.691551907878154,5,0
43.79520788478301,9,1,28.4483492477558,3,0
57.6391850534978,8,2,3.1587741593022742,3,0
47.13398669413072,20,3,14.816119321394364,5,0
38.35371255507921,19,1,3.6636526894948007,3,0
28.62881242818678,13,4,6.404693695265199,3,0
52.43909228412671,12,0,20.18499701188509,4,0
23.00167935688215,18,3,4.581523168494878,2,0
47.95006297946937,21,0,0.2726150587433643,2,0
83.63128575878152,18,0,0.2745330497414155,8,0
29.672338160785262,17,2,18.46329280291819,3,0
37.3437785957336,15,4,28.545580944931768,4,0
17.132833939927266,19,4,4.042447181340589,0,0
35.66277239566035,20,0,2.207679069568178,2,0
36.89783539257774,19,1,4.364038263033266,1,0
21.77407944100228,13,4,16.67319225006239,3,0
3953.703179367711,0,7,209.10889950198475,5,1
6.043546384654026,10,1,5.747003999966063,5,0
1025.2746713752051,2,6,165.89038691414362,12,1
6.796274887501091,20,2,20.130412958924904,1,0
17.471524014085652,8,3,2.3697545558303776,2,0
33.84940702862558,13,0,15.468657322781688,4,0
7.375427486285437,10,1,15.155237731863552,6,0
110.72983466200402,18,1,3.818758290963844,6,0
2.547814785731405,16,4,0.5227890528821271,3,0
29.83649077699869,8,3,2.1195209580201646,1,0
661.098709887097,23,9,1.1272057640148845,12,1
31.35914060195748,8,1,2.322573941550163,4,0
84.07540133955318,8,1,15.731004244470848,3,0
583.2925348732933,2,8,239.86226181775336,9,1
184.1206519063498,8,4,2.3040388236033453,1,0
25.575454656524972,21,3,4.972505223275725,4,0
39.912886661941485,18,1,31.251840613953178,6,0
29.17541965316877,9,0,18.86321381720492,2,0
5.020142451633515,8,1,7.062718008886916,5,0
300.8011274639608,0,8,59.583462389326016,7,1
77.40217167307634,3,7,120.08886798256984,9,1
22.4069012540264,17,4,4.587500571151743,3,0
47.8776859608543,10,0,6.96026768773484,1,0
155.33632885387738,16,3,4.135567853548235,3,0
4.186423916384495,9,0,35.06775898899144,7,0
743.8071420950957,3,8,834.5487162640869,12,1
17.930527452090992,19,3,1.469493263589708,1,0
88.51873979797429,21,4,3.939094687386187,4,0
70.83152930268454,13,0,10.185217655456706,3,0
34.363373306037005,16,2,15.896040962874,0,0
15.873573982427368,11,4,5.058506048021453,4,0
32.50180452817577,16,2,36.368104933438616,4,0
17.489404432153844,8,3,6.06233223928559,3,0
200.4828584843693,14,3,10.849402668336108,5,0
93.45102707868334,2,7,64.54132731501895,13,1
416.432313736426,13,0,9.704768121059711,0,0
151.2395767450618,21,4,21.805591785530552,2,0
17.537112758219074,10,4,0.5362111707761813,2,0
14.278172262082196,8,4,85.58969551189256,5,0
165.52144060885504,18,3,1.348595847664064,2,0
135.29573875318434,18,0,3.838339594089596,6,0
21.70155224604176,9,1,8.256236320419568,1,0
533.2254074879231,3,9,152.1064205037946,9,1
14.94969885669365,11,1,12.362069213189631,5,0
56.39800567949846,20,4,14.250762656009332,3,0
95.95626800376274,19,2,19.473034365493056,1,0
33.39667654361287,14,3,2.7534309433750472,3,0
34.31062934474557,10,2,3.983603391637418,3,0
7.23730497462584,11,2,0.6736961544167502,1,0
15.048177510966154,17,4,11.843189415111866,5,0
41.798338254484015,12,1,0.2785921956833868,1,0
62.27505220326131,19,4,6.949576958733399,4,0
2.3785099583111657,10,4,10.319858840760348,4,0
127.823766012456,19,4,3.4829590400704484,3,0
129.02435542289473,1,9,31.569642649384928,10,1
13.932315340388293,20,1,3.534926682099168,1,0
212.4686826058295,21,4,16.393500949733934,2,0
19.46965006995005,12,1,6.415350537174948,3,0
21.753455499772244,13,3,9.975791830490303,3,0
14.7659196083193,10,0,0.1425663323179449,1,0
80.72150252086092,8,1,9.054071521047296,2,0
10.192435761787216,17,2,2.176569692249029,5,0
130.08707138445493,17,2,37.41217562301986,2,0
38.28094184162494,19,0,3.2461263351600675,2,0
130.40663094192465,3,6,328.7452831871339,16,1
38.54718658254031,16,1,5.599401195113567,3,0
82.51475678362888,14,2,40.40111856461281,2,0
42.43765699458484,21,0,35.067850383882806,2,0
208.96370656443608,21,2,19.685383642489395,4,0
273.5231805709382,2,9,285.6022426403551,15,1
78.3187102447794,1,9,86.04512787516715,18,1
0.0407655611362958,20,2,0.0637622690769085,3,0
142.8321224018051,19,3,14.53944413983433,2,0
209.82431364130392,23,9,219.8798878776651,14,1
55.28369849930957,20,1,0.1554169262830649,1,0
13.19652499829812,19,4,11.330289068898486,2,0
37.18736729511095,12,2,24.67950009912478,2,0
464.9250109932598,3,9,50.11246282462732,15,1
94.08904703444692,20,0,10.276480874807085,3,0
92.60165832469198,12,0,22.899795429882342,3,0
54.79101783668571,13,0,14.523408773232775,7,0
9.631799481490296,14,2,3.934642807073823,4,0
20.69739263717162,16,4,2.61027865264779,3,0
268.7012896517354,23,7,80.58472593098695,12,1
9.299315243068518,11,4,9.9818454530586,4,0
146.5406269451569,0,8,527.8899668721119,7,1
25.862079391147837,12,4,6.492973326946942,5,0
167.71282556519344,19,3,6.478253274304132,2,0
51.07036030133376,15,2,1.2645935169291966,5,0
5.840391496665447,10,4,1.2422853381106045,5,0
110.45399558865437,17,0,9.89458665417028,2,0
37.0660212862708,20,4,8.990132011428013,2,0
1004.646893312784,1,6,118.42540818740808,19,1
16.71634155214973,16,2,8.24035234955982,2,0
137.92420107430777,15,3,83.21627189557793,1,0
4.800661691938638,16,4,0.9333887791051748,1,0
84.73638922487588,15,2,30.735393061097597,4,0
32.07145944937914,17,4,2.0593785061474863,4,0
59.25472299961773,19,2,6.345364516119705,3,0
5.998409436797322,11,3,8.594324549034056,5,0
56.58864478736607,11,0,2.791776599678552,3,0
112.57394869889704,10,1,11.789634981861012,1,0
269.6090122209531,3,7,267.3902244214737,9,1
7.694614326046604,20,2,31.904484615596026,3,0
0.4651039207734588,21,1,25.372830726445397,2,0
24.499164792907887,9,4,12.530062199793608,6,0
37.588474252308345,8,1,14.871056284663684,3,0
128.8047725433022,21,2,3.101896874823056,4,0
23.901477037535724,21,1,2.3598963010007896,1,0
10.83178912217381,19,3,4.689974803595061,2,0
56.45391611808866,12,3,1.001929552878787,2,0
77.81237209365467,15,0,14.226463943981482,1,0
78.07095793317579,12,2,17.752051495714813,5,0
132.13657915909573,19,2,7.414995728333194,4,0
82.97691561928573,13,0,1.5474061799587269,2,0
34.7312541741571,20,3,36.29572303613087,4,0
19.24376780342417,12,0,25.28388199659293,8,0
49.79074333945891,9,4,8.60810323572041,6,0
3.63973893451233,14,1,19.64164218688923,1,0
53.84244767315558,15,0,1.240294236968648,1,0
12.02420853433469,14,4,3.0470393807121687,5,0
14.922469590953716,19,3,2.5324083798543247,1,0
140.56667645928076,10,0,11.007238542336328,2,0
7.368687104320436,21,3,4.99410028488731,3,0
1810.4781298527987,23,8,154.58563839265383,17,1
43.12036733923906,11,4,9.20717357858224,3,0
17.31658602038457,9,4,10.145141238489114,4,0
134.44835349932043,12,0,15.698746954038665,4,0
34.99337207655735,10,0,2.109626138709754,4,0
138.90575238240032,13,2,0.1308072550722465,2,0
28.751402351167982,10,3,14.355044646402597,1,0
86.81123446783292,18,3,29.738516282265017,5,0
41.97903762874984,10,4,37.617364471502825,0,0
2055.8112116480274,0,7,110.5832886111796,11,1
213.54893335192773,0,7,118.34846309332366,12,1
145.6592042115493,8,2,7.02989376079115,3,0
15.35007834351815,16,2,24.095811671365105,1,0
65.32035308810235,12,2,19.56087117384735,2,0
96.99745206519972,18,1,16.2039792563266,5,0
1281.5055066919056,2,9,622.0163328838956,15,1
260.1328355466875,12,3,4.21165811780089,4,0
224.43856745005883,23,8,587.472014614232,15,1
40.55763864343152,3,6,261.7824620375901,12,1
61.50327898502222,14,3,7.93730347776699,1,0
68.44970795924507,10,1,0.3859345145917827,1,0
99.89460038410748,17,1,9.803711754299972,2,0
375.84711279309073,3,7,360.9224522409625,13,1
86.46482929099875,11,3,20.374191813002035,4,0
40.27234251566299,14,3,2.29112697317603,5,0
198.58235701596425,13,1,11.965905905736737,2,0
22.445475942304924,20,0,55.40930709773031,3,0
31.81936435929281,1,9,215.659725398682,19,1
122.68693920263476,19,3,2.0778370248765574,5,0
19.924938547683595,15,2,3.733539292123696,1,0
49.510259255580415,13,4,20.262726365765907,2,0
2.8745003614565734,17,2,37.81151822505512,3,0
55.769493983786695,10,1,5.81047333359104,2,0
19.149093253896485,20,0,1.837395258043412,4,0
33.50151439488692,21,3,9.031130517266876,3,0
4.633173953666799,10,4,6.705797153006672,5,0
35.186815494202705,13,4,19.840332689730403,2,0
32.25185987304373,14,1,3.977750920424944,3,0
8.326375143283158,12,1,28.85054553298957,3,0
24.57810440321929,10,0,0.8968666935697307,1,0
37.13460968506347,21,1,16.406159948400337,1,0
6.817630064590755,19,2,26.02168221171997,4,0
21.211655231277383,13,0,12.71934853100345,0,0
52.13944063764789,8,0,37.74124631253705,3,0
145.85707320818196,19,1,5.822798107918294,1,0
67.31828628328209,14,0,3.32265979030014,5,0
46.67014502359597,10,4,2.9299703642062718,5,0
58.08020529009468,21,4,0.0147980019983205,4,0
550.3500385105481,1,7,56.66177123227949,5,1
5.425429088749828,9,4,1.4300502282158545,3,0
112.30341830296382,18,0,5.1097271439267296,1,0
1268.8349187829583,23,7,50.47849788630637,12,1
75.9672958647976,16,1,20.733830500398,2,0
4.246361730460335,9,1,8.370332129399243,3,0
37.4191718052605,13,4,0.1842951319361191,2,0
17.648868742665787,9,1,0.4294708850338622,3,0
53.08096442492076,9,3,0.0750836444321348,3,0
6.994763430983533,14,1,4.0925906030819865,3,0
65.61290686231278,14,0,0.610373426305762,3,0
16.52229355851544,21,2,16.911547839883095,4,0
115.9330247172058,12,2,1.354573976828957,1,0
1.437235541511254,16,3,61.68054416036796,4,0
22.228330815657813,16,0,0.0956438900592001,0,0
642.7740818407756,1,9,141.31434471467935,6,1
7.380613588481001,20,3,0.687287535524906,2,0
43.85134048993044,11,0,0.0130605340984072,2,0
25.690930854111137,17,0,17.49897107481949,3,0
393.6891996703161,1,7,72.42870533811885,10,1
35.830162980738685,12,2,10.943275800335735,6,0
38.06173640114268,14,0,2.9322349928636773,5,0
34.2579024889631,11,4,2.2615165533190185,1,0
71.653843293988,13,4,6.911049713603854,6,0
20.153969250247936,8,2,0.328755772209547,2,0
36.87291904078774,17,0,33.55656358420792,7,0
41.098886014504345,9,0,7.347252280120509,1,0
62.41921449857266,12,2,7.322066481601587,7,0
54.22856315655108,9,4,75.98187261348085,3,0
36.91813604969872,12,4,4.43968792804478,5,0
837.5594469131552,0,8,698.2820111858108,12,1
1938.1178072832165,0,7,433.6736171082191,12,1
1402.2942622903793,1,7,166.5139662302721,10,1
28.694434994705325,9,2,3.1380974083797133,2,0
33.37658116582397,13,2,4.594216533833419,1,0
14.659515253289996,9,4,4.384417545210448,4,0
77.97087866980074,21,3,0.1778280096660832,2,0
218.51345391378615,8,1,15.933186719289989,3,0
41.87392131299911,17,3,5.878159327405392,3,0
23.58214598072619,10,3,5.281606026156099,1,0
15.495661115189192,14,2,0.6243132385032851,3,0
77.69419822771884,11,2,22.442745370986923,3,0
75.35202391614254,15,4,6.905228252665072,3,0
113.28503085946622,13,3,12.883568334190375,2,0
50.84653336553629,16,1,11.931372893154965,6,0
4.3970673936403895,18,4,22.559267971764196,1,0
32.70070781721899,9,2,1.0242396770987745,4,0
33.60226076867126,20,4,12.886814986853452,2,0
45.07125755203135,13,3,2.575394696193168,6,0
16.87935851605154,20,2,5.965124296892894,3,0
68.04443583686923,14,0,11.080248605921332,4,0
23.11599020885456,17,1,3.7735845100776704,3,0
35.55963499371957,15,2,3.9135518175902817,1,0
149.74401706059527,14,3,16.25397892612224,3,0
128.83649243418455,14,2,3.8800419549399865,3,0
49.44045287996361,17,2,16.59816014768085,5,0
107.47246984928115,15,3,6.124389325859367,4,0
42.01780852247462,18,4,2.582725178017613,0,0
70.16344259876034,16,1,8.901992169138666,3,0
92.24332676036865,8,4,17.27316564015579,5,0
38.03347374820041,21,0,10.9746169906384,1,0
162.3805355686824,14,2,4.444479282118014,4,0
70.11586971089905,12,0,53.54249389085221,2,0
2.7020543419951264,21,0,14.313553968322571,1,0
21.32209732236464,16,0,3.846023466219357,1,0
108.99722948004072,2,8,364.0411088490687,13,1
19.21535534006224,19,2,15.214745036695124,0,0
568.7008549186692,23,9,118.87185486532104,13,1
75.57943952724304,14,1,26.420073728275327,1,0
10.751515415523937,10,2,4.13933746953488,2,0
1734.6288743976827,1,6,38.40735928718836,11,1
19.992909883789387,9,3,7.802195747012625,3,0
66.38696159891396,20,0,22.327943518798666,4,0
2.828722693417948,13,0,4.690117274452642,1,0
18.69743277616852,17,3,6.058109292404415,1,0
147.17585223877597,12,2,16.290187319947254,4,0
27.58019402606344,12,4,20.067408679562007,0,0
23.68917197495488,10,4,1.8148319559407144,4,0
90.2160106002322,17,2,11.463198643410564,0,0
1306.0281133934102,1,6,116.70392687107136,10,1
22.93179263236549,21,3,2.440431494441681,0,0
32.0002424291506,14,4,52.35336956332394,3,0
50.486972507318455,8,0,5.575104076929089,4,0
63.12303444058599,13,2,7.554165609336438,6,0
12.350614651830018,16,3,4.120797275324336,3,0
36.87816120712831,8,1,0.3069305423851658,3,0
88.85690685239682,9,4,8.021534259136189,1,0
471.0160522055658,1,6,85.81435496382075,9,1
9.272506617302238,11,1,6.807021372466316,7,0
37.569457320871216,19,3,9.354805369891476,1,0
35.325995348184954,8,1,19.78839238281996,1,0
57.57423233620683,12,2,14.556131936328786,4,0
108.4111419433238,8,0,5.835717307896745,2,0
733.0262199864668,2,6,410.5787524480432,15,1
35.60054598543381,9,1,10.03470404429316,0,0
2.21065135228386,12,1,8.142007214916683,4,0
131.9307141495758,9,1,4.757494457003301,1,0
74.42977383744424,8,0,6.7805982797551945,2,0
33.15094234153136,17,3,25.95108925055884,2,0
94.00956718792298,18,4,7.963571284433971,5,0
13.37430649734545,12,2,10.667122872776083,3,0
229.8294348909754,23,7,272.8524533101302,15,1
583.7048762357998,3,7,301.2360484146864,8,1
92.37539772534244,13,3,21.54852522965927,3,0
1.9385666958553676,15,0,3.727973281561364,2,0
88.17524844715128,14,0,15.098512916201573,4,0
12.828081720049056,21,2,45.54748815275326,3,0
321.3553453726723,16,0,7.122383725555556,1,0
15.593369536398637,8,0,23.063406142756804,1,0
86.48779003293187,14,0,2.1099797624099472,3,0
93.08921712851831,23,9,7.006145370795164,19,1
3.795779429184944,14,2,10.841954112257326,4,0
43.31734887912869,18,4,5.651462154663939,3,0
35.29693311997867,18,0,13.852470610249425,1,0
24.761468837770437,12,3,12.015372081323012,2,0
69.90034105851409,16,4,11.828215012033551,3,0
38.85375801255243,19,1,7.286958378662417,1,0
2.279602628014772,17,0,42.04989173824991,3,0
19.881250872794435,15,3,8.279213785316891,5,0
22.0927165296091,19,0,18.104541483406056,5,0
39.32990361055101,10,0,1.3388024040192508,0,0
44.42070912029835,16,2,0.749465994762771,1,0
64.7485687741484,8,1,10.564237209811727,2,0
271.38141724398696,23,7,304.5007624328859,12,1
3.86733702277797,12,3,33.370448554611684,5,0
35.593632459450404,13,1,0.3123455099843441,1,0
57.72243910235586,17,0,47.95766312184836,3,0
38.69980828188712,16,0,12.006029198689642,1,0
93.57016762589365,10,3,4.5411126463152085,2,0
10.228411661706486,21,4,24.33600225455549,3,0
130.49768936379385,20,1,5.283910828111504,3,0
66.57758350700814,9,4,5.804344330221912,6,0
208.1907552793132,2,9,438.9784084391223,17,1
65.50271287850703,14,0,0.9949552032508208,0,0
5.272337865716297,19,0,9.094682127463235,3,0
31.094255654082,21,4,1.914219569531664,3,0
59.25263409101686,15,3,21.887912567619345,2,0
51.58742901695904,17,0,0.5521717126503894,4,0
65.75570432949476,11,1,25.30142582449548,0,0
49.490384219379656,9,2,1.8376446686020336,6,0
101.65386494419214,21,0,1.0534685750495698,5,0
56.31813071147505,9,2,4.488717869447042,3,0
39.69390295833019,15,2,5.846379933764722,2,0
38.97602271567639,10,0,21.98315966560188,5,0
46.17527765052401,19,4,3.623394992492203,3,0
64.40965559535715,21,2,26.234288844471592,2,0
39.494963827138506,21,0,13.64499225545394,2,0
118.2360730325059,17,3,0.5967414261203663,4,0
36.69673334955604,21,1,17.959647254510976,1,0
1848.558418892952,2,7,195.60234060585665,10,1
914.7945041904486,23,7,26.686607543447725,15,1
259.0902332638549,9,1,18.78734766006392,1,0
111.873328386185,9,0,15.385595141915996,2,0
14.252958589536794,13,4,0.887262804278038,2,0
24.381048013782163,10,4,5.81699572202601,1,0
49.80947909033796,18,0,16.35575058334017,1,0
69.65610487787654,15,3,2.7671391171214808,7,0
25.938799925297825,11,1,22.869724294076864,4,0
33.981550532627296,15,2,1.637110025221158,6,0
87.70727110973823,8,0,2.208125763066973,1,0
519.6173400097817,0,6,154.41231601848574,12,1
10.736023440929651,14,4,27.8553746066906,5,0
261.03056248714296,3,6,45.11254641451841,12,1
50.73095022585783,19,4,2.454470299020152,3,0
30.23118018570361,20,3,1.6096611769454006,3,0
7.006166468566903,21,3,39.48552837909353,5,0
15.181126768661834,14,2,97.69922593395216,4,0
32.16231482234465,16,0,10.96000533852986,6,0
60.58254628562811,18,4,1.3236222916195124,2,0
37.71642379841978,15,3,0.7648893927115324,1,0
16.2669706392746,19,0,3.664052221956768,4,0
27.07846263343593,14,1,3.7300006465312663,7,0
89.14592389887186,10,4,20.102238833334848,2,0
31.729386292965977,21,0,2.060458624257053,1,0
23.999033909049604,15,1,3.92351423056866,3,0
4.747620008415748,19,0,78.21546919485478,4,0
142.2021854865949,21,0,6.388352359806386,5,0
39.11054865986762,15,3,20.286833249274896,2,0
27.166739965321643,11,3,33.604945341719095,1,0
1632.554760648506,1,6,242.73678350559035,15,1
12.04862318620756,17,0,0.991696903164376,4,0
4.239423682602263,13,0,3.3098265212862543,7,0
1014.8761743281616,2,7,293.0219877722167,11,1
720.3712988835291,3,8,38.90162292915076,14,1
80.48390918218044,12,2,10.223175410941217,4,0
11.17105676950806,19,2,0.9559286486754006,4,0
61.19979866453802,16,2,2.0327694604151034,8,0
833.0497547236582,1,8,82.86419885193314,11,1
41.53224692051868,14,4,8.78818296405242,0,0
56.26259369631686,19,3,13.327691543260668,6,0
38.20046127961216,9,4,32.19529034142037,3,0
64.03592904721549,13,1,11.785273888525216,2,0
8.928114781761055,16,0,12.836603927563658,3,0
8.889824004825828,11,1,13.966315930200608,4,0
59.96540477444061,10,0,14.34382394988721,7,0
115.98005282605529,17,3,8.22882689015426,3,0
4.686831852084229,12,4,1.8919080320436572,1,0
22.12617872698248,18,1,16.34224221528227,3,0
16.726409249659,21,3,2.7032844391198467,6,0
20.531220523383475,11,1,14.80466689134451,0,0
15.412900661912296,14,2,35.403753436894135,1,0
18.847498723653302,15,0,12.282748999053648,2,0
10.921131907609048,9,1,6.3357194326613655,4,0
65.23270394789846,17,4,13.63821988642399,2,0
0.983053018503316,18,4,1.1131092080636218,2,0
3.377678741352783,13,2,6.725433793333418,0,0
208.37829675887932,2,9,403.46145363817664,12,1
19.363079086943976,13,1,1.111430882229285,7,0
66.72314673874678,14,2,25.07203155085145,2,0
91.34371513129383,18,4,10.348872143193129,3,0
55.68822937214559,12,0,46.11361260970684,1,0
12.57565169245263,16,2,23.169519959591188,4,0
57.90311851181577,14,1,4.032751146940585,3,0
99.89494028904612,10,3,17.0405331355497,3,0
62.621448979311324,15,4,20.50067809621106,3,0
3.9347540503037672,14,4,18.37981115033648,3,0
69.72340521698577,3,6,519.9850467405673,12,1
11.77180176670646,15,4,55.6533812323259,2,0
27.860072581698084,13,0,12.853738850215649,9,0
6.418578679282319,18,3,4.425131877458407,5,0
3.5911770269470225,14,3,42.57971061441484,2,0
97.18086270305662,13,4,4.288782004050816,3,0
36.18019880533065,9,1,22.849749916836963,2,0
52.432993426428375,21,4,11.913473296120843,2,0
65.60795878137787,15,4,8.831427194714099,2,0
10.798398786439146,16,0,3.2899221826365537,5,0
144.57360946663783,17,4,2.7312836862378496,4,0
111.67655673694408,14,0,3.30646237675849,3,0
8.33703615927442,12,4,28.22881291199019,1,0
443.7571397408946,18,3,6.9507769044715335,2,0
14.564813465767788,16,4,10.355533833069703,5,0
643.8305261948336,3,9,51.758382561225936,12,1
51.93223003729115,9,2,19.45277015035953,3,0
7.079458291840502,19,4,9.55863433811353,0,0
37.73774372258755,13,1,12.665034409643336,5,0
33.7582261826034,11,0,3.334392118617294,4,0
